{
	"Metadata":
	{
		"Name": "ERZ Flight Modified",
		"Author": "@Mystical_G_",
		"Description": "Adds the ERZ Flight from Mania"
	},
	"Settings":
	{
		"List":
		[
			{
				"Category": "Gameplay",
				"InternalName": "ERZFlightHyperDashAvailability",
				"DisplayName": "Dash Availability",
				"Variable": "Setting.ERZFlight.HyperDash",	// This must be the name of a global variable in the scripts (not a define!)
				"DefaultValue": "1",
				"Options":
				{
					"0": "Off",
					"1": "On",
					"2": "Hyper Only"
				}
			},
			
			{
				"Category": "Gameplay",
				"InternalName": "ERZFlightHyperDashCooldown",
				"DisplayName": "Dash Cooldown",
				"Variable": "Setting.ERZFlight.DashCooldown",	// This must be the name of a global variable in the scripts (not a define!)
				"DefaultValue": "1",
				"Options":
				{
					"0": "None",
					"1": "1 Sec"
				}
			},

			{
				"Category": "Gameplay",
				"InternalName": "ERZFlightHyperDashCost",
				"DisplayName": "Dash Cost",
				"Variable": "Setting.ERZFlight.DashCost",	// This must be the name of a global variable in the scripts (not a define!)
				"DefaultValue": "0",
				"Options":
				{
					"0": "5 rings",
					"1": "None"
				}
			},

			{
				"Category": "Gameplay",
				"InternalName": "ERZFlightHyperDashFlash",
				"DisplayName": "Dash Flash",
				"Variable": "Setting.ERZFlight.DashFlash",	// This must be the name of a global variable in the scripts (not a define!)
				"DefaultValue": "0",
				"Options":
				{
					"0": "Off",
					"1": "On"
				}
			},
			{
				"Category": "Visuals",
				"InternalName": "Online-Players-Spr-Tenna",
				"DisplayName": "Online Char. Anim. (S3&Tenna)",
				"Variable": "FakeSprTenna",
				"DefaultVariable": "0",
				"Options":
				{
					"0": "Running (Default)",
					"1": "Grabbed (by the FBZ Spider)",
					"2": "Hurt (Animated)",
					"3": "Dead"
				}
			}
		]
	}
}
